Premise,Hypothesis,Label
"Cannot exclude consumer protections for quality, fitness for purpose, and sale by sample.","Any term purporting to limit a consumer’s statutory rights regarding quality, fitness for purpose, or sale by sample shall be ineffective.",CONTRADICTION
Delivery and payment must occur at the same time unless agreed otherwise.,"Unless otherwise agreed, delivery of goods and payment of the price shall occur concurrently; the Seller shall be ready to deliver, and the Buyer shall be ready to pay, at the same time.",ENTAILMENT
The Commissioner must grant or refuse approval to terminate employment within 3 months of the employer’s application.,The Commissioner of Labour shall grant or refuse approval for termination within three (3) months from the date of receipt of the Employer’s application.,ENTAILMENT
"If the equipment is not delivered on time or is defective, the lessee may reject and end the lease.","In the event that the Equipment is not delivered within the agreed timeframe or does not conform to the agreed specifications, the Lessee may reject the Equipment and terminate this Lease Agreement",ENTAILMENT
Agreements to guarantee or be responsible for another’s debt must be in writing and signed to be enforceable.,Any obligation to guarantee the debt of another party under this Agreement shall be valid only if in writing and signed by the guarantor,ENTAILMENT
Rent receipts are mandatory for all payments.,The Landlord shall issue a receipt for every rent or advance payment made by the Tenant.,ENTAILMENT
"A worker is not protected by this Act if their total period of employment is less than 180 days, even after counting approved leave, injury leave, occupational disease leave, employer-caused work stoppages, lawful strikes or lockouts (up to 30 days), and statutory holidays.","This Act shall not apply where the Employee has been employed for a total period of less than one hundred and eighty (180) days, inclusive of all approved absences, statutory leave, injury-related leave, lawful strike or lockout periods, and days on which work was not provided by the Employer.",ENTAILMENT
"Employers must keep a wage register showing employee names, job type, and wages.",The Employer shall not maintain any wage or employment registers.,CONTRADICTION
"If a woman worker worked any days during the 2‑week pre‑confinement period, she is entitled to maternity benefit for the same number of days after the standard period ends.",Any days worked by a female employee during the pre-confinement maternity period shall be added to her post-confinement maternity leave entitlement.,ENTAILMENT
All goods and services must meet determined standards and specifications.,Goods and services supplied shall conform to applicable standards and specifications determined by law.,ENTAILMENT
"If an input error occurs in an electronic contract and cannot be corrected immediately, the person may withdraw that portion of the contract if notified promptly.",A Party may withdraw any portion of an electronic communication in the event of an input error that cannot be corrected immediately.,ENTAILMENT
An employee must be granted a holiday on each Full Moon Poya Day.,"The Employee shall be granted a holiday on each Full Moon Poya Day, subject to statutory provisions regarding overlapping holidays.",ENTAILMENT
"For loans over Rs. 2,500, any interest rate above 15% per year is presumed unreasonable unless the lender proves it is reasonable.","Interest on loans exceeding Rs. 2,500 shall not exceed 15% per annum unless the lender proves reasonableness.",CONTRADICTION
Gratuity for employees in converted public companies can be paid via cash or bonds.,"Employees of a public corporation or government-owned business converted into a public company shall receive their gratuity in cash or via bonds issued by the Central Bank, as chosen by the Employer.",ENTAILMENT
Seller must deliver goods and buyer must accept and pay as agreed.,"The Seller shall deliver the goods, and the Buyer shall accept and pay for them as per the contract terms.",CONTRADICTION
Rights to the Fund’s monies are strictly limited to statutory provisions; no additional or extrastatutory claims are allowed.,The Employee may assert independent contractual claims over trust fund monies.,CONTRADICTION
Employers cannot deduct EPF contributions or surcharge from employee wages; contracts attempting this are void.,No deduction for Employer’s EPF obligations or surcharges shall be made from Employee wages; any agreement to the contrary shall be null and void,ENTAILMENT
"Termination includes any form of non-employment by the employer, whether temporary or permanent, including termination due to business closure, but excluding disciplinary dismissal.","For the purposes of this Agreement, termination of employment shall include non-employment, whether temporary or permanent, including termination arising from closure of the Employer’s business, other than disciplinary dismissal.",ENTAILMENT
"If a money lender fails to keep proper loan records, they cannot legally enforce the loan in court.",Failure to maintain proper loan records shall void the Lender’s right to enforce the loan,ENTAILMENT
The Employer may withhold or forfeit gratuity if termination is due to proven misconduct causing loss.,"Any termination, for any reason whatsoever, shall result in full forfeiture of gratuity.",CONTRADICTION
False claims about warranties or guarantees are illegal.,"Traders may misrepresent warranties, guarantees, or product assurances without liability.",CONTRADICTION
Employers cannot deduct EPF contributions or surcharge from employee wages; contracts attempting this are void.,The Employer may deduct its provident fund contribution and any surcharge from the Employee’s salary.,CONTRADICTION
"The Commissioner may refer any industrial dispute for conciliation, arbitration, or to a labour tribunal.","In the event of a dispute arising under this Agreement, the matter may be referred by the Commissioner for conciliation, arbitration, or adjudication by a labor tribunal, as deemed appropriate and in accordance with applicable law",ENTAILMENT
A person who sold a business and receives ongoing profit payments is not a partner and is not liable for the business’s debts.,A person receiving profits in consideration of the sale of goodwill shall not be deemed a partner or liable for business debts.,CONTRADICTION
Pawnbroker loan agreements must allow redemption of pledged goods within 12 months.,The Pawner shall have the right to redeem pledged goods within twelve months from the date of pawning.,CONTRADICTION
"On termination, the employee must be allowed unused annual leave with pay or be paid in lieu if leave cannot be taken.","Upon termination, the Employee forfeits all unused leave and is not entitled to payment in lieu",CONTRADICTION
An employee is entitled to up to 7 days of paid casual/medical leave per year.,"The Employee shall not be entitled to any casual, medical, or personal leave with pay.",CONTRADICTION
It is a criminal offence for a lender to accept a promissory note with a false or blank amount.,"Acceptance of a promissory note with a false or blank amount shall constitute a criminal offence, punishable under law.",CONTRADICTION
Fitness-for-purpose exclusions are invalid unless clearly disclosed.,Any provision excluding or modifying fitness-for-purpose obligations is valid only if clearly brought to the attention of the Hirer prior to execution of this Agreement.,ENTAILMENT
Employers must negotiate with unions that represent at least 40% of workers.,The Employer is not obligated to negotiate with any trade union regardless of the percentage of Employee representation,CONTRADICTION
"If a worker gives notice of expected confinement, the employer must not assign her work harmful to her or her child during pregnancy and 3 months after confinement.",The Employer may assign any duties regardless of pregnancy or health condition.,CONTRADICTION
Delivery and payment must occur at the same time unless agreed otherwise.,Delivery of goods and payment shall occur concurrently unless otherwise agreed in writing.,CONTRADICTION
"Employers must provide sanitary and washing facilities, including separate female facilities.",No sanitary or washing facilities are guaranteed to Employees under this Agreemen,CONTRADICTION
No person under 18 may be employed in hazardous occupations.,The Employer shall not employ any person under the age of eighteen years in any hazardous occupation as prescribed by law.,ENTAILMENT
"Employers must provide sanitary and washing facilities, including separate female facilities.","The Employer shall provide and maintain suitable sanitary conveniences and washing facilities for Employees, including separate facilities for female Employees where applicable.",ENTAILMENT
The parties to the document or anyone with a legal interest can submit it for registration.,Only the executing party may submit an instrument for registration; third-party submissions are not permitted.,CONTRADICTION
Goods sold by sample must match the sample in quality.,"In contracts for the sale of goods by sample, the Seller warrants that the bulk of goods shall correspond in quality to the sample provided.",ENTAILMENT
Awareness or agreement to a negligence exclusion clause does not mean acceptance of risk.,"A party’s knowledge or acceptance of a term excluding or limiting liability for negligence shall not, by itself, constitute consent to assume the risk",CONTRADICTION
Clauses restricting the hirer’s right to terminate are void.,Any term in this Agreement restricting the Hirer’s statutory right to terminate the hire-purchase is void.,ENTAILMENT
Courts will presume electronic documents and e-signatures are genuine unless proven otherwise.,"Courts shall, unless disproved, presume the authenticity of electronic documents, records, or signatures and the identity of their originators.",CONTRADICTION
Children cannot participate in entertainment for which payment is charged.,Children may participate in entertainment activities for which admission fees are charged.,CONTRADICTION
EPF funds cannot be assigned or attached except as permitted by law.,"The Employer acknowledges that EPF contributions and any accrued interest to the Employee’s individual account are inalienable and cannot be assigned, attached, or otherwise transferred except as required under law.",ENTAILMENT
Gratuity is calculated based on wage or salary for each year of service.,The Employer shall calculate gratuity based on the Employee’s last drawn salary and completed years of service.,ENTAILMENT
Any valid settlement is binding on all parties and becomes part of their employment contracts.,The Parties agree that any valid settlement currently in force shall be binding and shall constitute an integral part of their respective employment contracts.,ENTAILMENT
Cash price must be disclosed in writing before entering a hire-purchase agreement.,The Owner shall disclose the cash price of the goods in writing prior to entering a hire-purchase agreement.,CONTRADICTION
All service contracts have an implied warranty of due care and skill.,No implied warranty of due care or skill shall apply to the provision of services.,CONTRADICTION
The Commissioner or authorized officer must attempt to settle any dispute referred for conciliation.,"The Employer and Employee agree that any dispute referred to the Commissioner or an authorized officer shall be subject to their efforts to achieve an amicable resolution, following investigation and conciliation procedures as determined by the Commissioner.",ENTAILMENT
"Employers must keep accurate written wage records including wages paid, dates, hours worked, and deductions.","The Employer shall maintain accurate wage records in Sinhala, Tamil, or English, showing wages, payment dates, hours worked, and deductions.",CONTRADICTION
"Violating wage provisions can result in fines up to Rs. 5,000 or imprisonment up to 6 months, or both","Non-compliance with wage obligations may result in fines, imprisonment, or both as provided under the Wages Boards Ordinance, No. 27 of 1941",ENTAILMENT
Wage records must be kept for at least four years and produced when requested.,The Employer shall preserve wage records for at least four years and produce them upon request by an authorized officer.,CONTRADICTION
Disobeying the Commissioner’s order is a criminal offence.,Failure to comply with any order of the Commissioner shall not result in any offence or penalty,CONTRADICTION
Employers must pay gratuity to workmen who have completed the minimum service period.,"The Employer states that gratuity payments are discretionary and not mandatory, regardless of the Employee’s length of service.",CONTRADICTION
"If an employee works on a Full Moon Poya Day, they must be paid at least 1.5× the normal daily rate.","Where the Employee is employed on a Full Moon Poya Day, the Employee shall be paid not less than one and one-half (1.5) times the normal daily rate of remuneration.",ENTAILMENT
Gratuity is calculated based on wage or salary for each year of service.,"Gratuity, if any, shall not be calculated based on the Employee’s last drawn salary.",CONTRADICTION
Employers must pay 12% of the employee’s monthly earnings to EPF by the last day of the following month.,The Employer shall contribute 12% of the Employee’s total monthly earnings to the Employees’ Provident Fund and remit such contributions on or before the last day of the succeeding month in accordance with applicable law.,ENTAILMENT
"Withdrawals from individual ETF accounts are restricted to once every 5 years, except for members over 60 or those permanently leaving Sri Lanka.",Any conditions on withdrawal of trust fund benefits in this Agreement shall not contravene statutory limitations on withdrawal frequency and allowable exceptions.,ENTAILMENT
Courts will presume electronic documents and e-signatures are genuine unless proven otherwise.,Electronic records and e-signatures shall be presumed genuine unless proven otherwise in a court of law.,ENTAILMENT
Goods must be free from unknown liens/encumbrances.,The Seller guarantees that the goods are free from undisclosed charges or liens at the time of sale.,CONTRADICTION
Hirer has a right to early purchase with rebate.,The Hirer may elect to purchase the goods before the final instalment and shall receive a rebate of charges in accordance with applicable regulations.,CONTRADICTION
Goods must be free from undisclosed charges or encumbrances.,The Owner warrants that the goods are free from any undisclosed charges or encumbrances at the time of sale.,CONTRADICTION
No person under 16 years old may be employed in a shop or office.,No person under the age of sixteen (16) years shall be employed under this Agreement.,ENTAILMENT
"On termination of employment, the employee is entitled to receive the amount standing to their credit in the Fund, subject to statutory conditions.",Termination of employment shall not entitle the Employee to any trust fund payment.,CONTRADICTION
Traders cannot hoard goods beyond normal trading requirements.,The Trader shall not stock goods in quantities exceeding normal trading requirements or personal consumption limits.,ENTAILMENT
Labour tribunals can order reinstatement of dismissed workers.,"The Parties acknowledge that a Labour Tribunal may order reinstatement or discontinuance of service for any disputed dismissal, and such orders shall be binding.",ENTAILMENT
"If an employee works on a Full Moon Poya Day, they must be paid at least 1.5× the normal daily rate.",Work on Poya Days shall be compensated at the standard daily wage only,CONTRADICTION
New owners cannot evict existing tenants for personal use in most cases.,"If the Landlord acquired the premises after the specified date, they shall not evict the existing Tenant for personal use except as permitted by law.",ENTAILMENT
No person under 18 may be employed in hazardous occupations.,Employees under the age of eighteen may be assigned to hazardous occupations at the Employer’s discretion.,CONTRADICTION
Goods sold by sample must be free from hidden defects.,The Seller warrants that goods sold by sample are free from hidden defects not discoverable by reasonable inspection.,CONTRADICTION
Traders must display price lists conspicuously in their business premises.,The Trader shall prominently display the applicable retail or wholesale prices of goods at the place of business.,ENTAILMENT
Any contract clause that limits worker rights under this Act is invalid.,Any contract clause limiting or modifying worker rights under this Act shall be valid and enforceable.,CONTRADICTION
A woman worker may nominate someone to receive her maternity benefit on her behalf.,Maternity benefits shall be paid only to the Employee and shall not be payable to any nominated person.,CONTRADICTION
Traders cannot impose conditions requiring purchase of additional goods or services (no forced bundling).,"The sale of goods shall not be conditional upon the purchase of any other goods or services, except payment of the stated price.",ENTAILMENT
"If there is a dispute about whether a dismissal notice given to a woman worker was for sufficient cause, the matter must be decided by the Commissioner of Labour, whose decision is final.",Any dispute relating to dismissal during maternity shall be referred to the Commissioner of Labour for final determination.,ENTAILMENT
Employers must provide adequate lighting and ventilation.,The Employer shall not be responsible for providing lighting or ventilation in the workplace.,CONTRADICTION
Awareness or agreement to a negligence exclusion clause does not mean acceptance of risk.,A party’s acknowledgment of any limitation of liability shall not be deemed acceptance of any risk.,ENTAILMENT
Seller must have the legal right to sell the goods.,The Seller warrants that he has the legal right to sell the goods at the time ownership passes.,CONTRADICTION
Approved absences do not affect service continuity.,Authorized leave or employer-approved absence shall not interrupt the continuity of the Employee’s service for statutory benefit calculations.,ENTAILMENT
"Employees aged 16–18 (male) and all female employees cannot be employed before 6 a.m. or after 6 p.m., except: (i) females 18+ in hotels/restaurants until 10 p.m., (ii) females 18+ in residential hotels, (iii) females 18+ in shops/offices until 8 p.m., (iv) males 16+ in hotels/restaurants/entertainment until 10 p.m., (v) females 18+ in IT/BPO/back offices","No Employee who is a female, or a male Employee between the ages of sixteen (16) and eighteen (18) years, shall be employed before 6.00 a.m. or after 6.00 p.m., except as specifically permitted under Section 10(2) of the Shop and Office Employees Act, including employment in hotels, restaurants, IT/BPO institutions, and other prescribed work.",ENTAILMENT
All contributions and interest must be credited to the employee’s individual EPF account.,The Employer shall ensure that all contributions and accrued interest are credited to the individual EPF account of the employee in accordance with applicable regulations.,ENTAILMENT
Electronic documents and records are admissible as evidence in court proceedings.,Electronic documents or communications shall be admissible as evidence in legal proceedings.,CONTRADICTION
Goods sold by description must match that description.,The Seller guarantees that all goods sold by description or sample shall strictly correspond to the description or sample provided.,ENTAILMENT
Any valid settlement is binding on all parties and becomes part of their employment contracts.,The Parties agree that terms of any settlement shall not affect the employment contract and shall have no binding effect,CONTRADICTION
The employer must give the worker a copy of the termination request and allow the worker to respond before a decision is made.,"Any application made by the Employer seeking approval for termination shall be served on the Employee, who shall be afforded a reasonable opportunity to be heard before a decision is made.",ENTAILMENT
"False claims about necessity of goods, services, or repairs are illegal.","The Trader shall not mislead or coerce the Consumer regarding the necessity of any goods, services, replacements, or repairs.",ENTAILMENT
Clauses restricting the hirer’s right to terminate are void.,Any clause attempting to restrict the Hirer’s right to terminate the hire-purchase agreement is void.,CONTRADICTION
"Employees aged 16–18 (male) and all female employees cannot be employed before 6 a.m. or after 6 p.m., except: (i) females 18+ in hotels/restaurants until 10 p.m., (ii) females 18+ in residential hotels, (iii) females 18+ in shops/offices until 8 p.m., (iv) males 16+ in hotels/restaurants/entertainment until 10 p.m., (v) females 18+ in IT/BPO/back offices",Employees of any age or gender may be required to work at any time of day or night.,CONTRADICTION
A lessee has a right to peaceful possession of leased equipment; the lessor must protect it.,The Lessor shall ensure that the Lessee enjoys peaceful and undisturbed possession of leased equipment during the lease term.,CONTRADICTION
Goods must be of merchantable quality unless a lawful exception applies.,"The Owner warrants that all goods supplied under this agreement are of merchantable quality, except as lawfully excluded.",CONTRADICTION
Advance rent cannot exceed three months of the lawful rent.,The Tenant shall not be required to pay more than three months’ rent in advance,ENTAILMENT
Extra payments such as key money or premiums are illegal.,The Tenant shall pay a premium and additional consideration as required by the Landlord.,CONTRADICTION
A woman worker may give notice to her employer of her expected confinement within one month before the date.,A pregnant employee may notify the Company of her expected date of confinement at least one month in advance.,ENTAILMENT
Agreements to guarantee or be responsible for another’s debt must be in writing and signed to be enforceable.,Any agreement to guarantee another’s debt shall be in writing and signed to be enforceable.,CONTRADICTION
"An employer must not terminate employment solely because of the worker’s pregnancy, confinement, or related illness.",Pregnancy or confinement may constitute valid grounds for termination of employment.,CONTRADICTION
EPF contributions can be voluntarily increased above statutory minimums.,Contributions to the Provident Fund shall not exceed the minimum amounts expressly stated in this Agreement.,CONTRADICTION
A sale of goods contract involves transfer of ownership for money.,"The Seller agrees to transfer ownership of goods to the Buyer in exchange for the agreed price, as defined under the Sale of Goods Ordinance.",CONTRADICTION
Pawnbroker loan contracts must not charge interest above the legally specified maximum rate.,The Pawnbroker shall not charge interest on loans exceeding the maximum rates specified by law.,CONTRADICTION
Landlords must provide a written rent statement when requested.,"Upon written request, the Landlord shall provide the Tenant with a statement showing standard rent, permitted increases, and receivable rent.",ENTAILMENT
A settlement must be in writing and signed by both parties or their representatives.,Any settlement of an industrial dispute may be deemed valid even if not recorded in writing or signed by either party.,CONTRADICTION
"Traders must issue receipts showing date, quantity, price, and transaction type.","Upon request, the Trader shall issue a receipt indicating date, quantity, price, and nature of the transaction.",ENTAILMENT
Contracts to pledge movable property are invalid unless the property has been physically delivered to the pledgee.,Pledge agreements for movable property shall only be valid upon actual delivery of the pledged item to the pledgee,ENTAILMENT
All service contracts have an implied warranty of due care and skill.,All services provided under this Agreement shall be performed with due care and skill.,ENTAILMENT
"Money lenders must keep clear written records of all loan transactions showing amounts, payments, and charges in plain language.",The Lender shall maintain accurate and clear records of all loan transactions in plain words and numerals,ENTAILMENT
Employment details of children must be disclosed to authorized officers when requested.,The Employer and guardians shall not be obligated to disclose any information regarding child employment to authorities.,CONTRADICTION
An employer must not terminate a worker’s employment unless the worker gives written consent or the Labour Commissioner gives prior written approval.,"The Employer shall not terminate the scheduled employment of the Employee unless prior written consent of the Employee is obtained or prior written approval is granted by the Commissioner of Labour, in accordance with applicable law.",ENTAILMENT
Loan agreements must comply with Board-set maximum interest rates and loan term limits.,"All loan agreements executed under this contract shall comply with maximum interest rates, terms, and conditions as directed by the Board.",CONTRADICTION
Money lenders are not allowed to harass or intimidate borrowers by targeting their home or workplace.,"The Lender shall not harass, intimidate, or threaten the Borrower or any member of their family",ENTAILMENT
"Night work for women is allowed only voluntarily, with Labour Commissioner approval, additional pay, welfare supervision, rest facilities, and maximum 10 nights per month.","Any night work assigned to female employees shall be strictly voluntary and subject to written approval from the Commissioner of Labour, enhanced remuneration, welfare supervision, and all statutory safeguards.",ENTAILMENT
"If an input error occurs in an electronic contract and cannot be corrected immediately, the person may withdraw that portion of the contract if notified promptly.","In the event of an input error in an electronic communication where immediate correction is not provided, the originator shall have the right to withdraw the affected portion.",CONTRADICTION
"An employer must pay maternity benefit at the prescribed rate for the full statutory period (12 weeks for live birth, 6 weeks for non‑live), including extra days under the proviso rule.",Maternity benefits shall be unpaid unless otherwise determined by the Employer.,CONTRADICTION
Gratuity must be paid to heirs if the employee dies before receiving it.,"If the Employee dies before receiving gratuity, the amount shall be paid to the Employee’s legal heirs.",ENTAILMENT
"If the woman worker dies, the employer must pay due maternity benefit to her nominee or her legal heir.","In the event of the employee’s death, maternity benefits shall be paid to her nominee or lawful heir.",ENTAILMENT
The Act applies only to employers with 15 or more workers.,This Agreement applies termination rules equally regardless of the number of workers employed,CONTRADICTION
Eviction for landlord’s own use requires one year’s written notice.,The Landlord shall provide at least one year’s written notice if seeking to evict the Tenant for personal use of the premises.,ENTAILMENT
"For loans up to Rs. 100, any interest rate above 20% per year is presumed unreasonable unless the lender proves otherwise.",Interest on loans up to Rs. 100 shall not exceed 20% per annum unless deemed reasonable by a court,ENTAILMENT
"If the employer dies, the legal representative is responsible for paying the gratuity.","In the event of the Employer’s death, no gratuity obligations shall pass to the Employer’s legal representatives.",CONTRADICTION
"If a loan’s total charges (interest, fees, penalties) are excessive and the transaction is harsh or unfair, the court can review the loan and reduce the amount owed to what is fair.",Any loan deemed excessively burdensome or unconscionable may be reviewed and adjusted by the court to ensure fairness.,CONTRADICTION
All goods must be reasonably fit for their intended purpose.,All goods supplied shall be reasonably fit for their intended purpose.,ENTAILMENT
No person under 16 years old may be employed in a shop or office.,The Employer may engage persons below sixteen (16) years of age for shop or office work,CONTRADICTION
Goods must be free from undisclosed charges or encumbrances.,The Owner warrants that the goods are free from any undisclosed charge or encumbrance in favour of any third party at the time of this Agreement.,ENTAILMENT
EPF funds cannot be assigned or attached except as permitted by law.,The Employee may assign or pledge provident fund balances as security for personal obligations.,CONTRADICTION
Service under previous employers counts toward gratuity if ownership changes within five years.,"Where the Employer’s business or establishment is transferred within five years, the Employee’s prior service under the previous Employer shall be included in calculating gratuity.",ENTAILMENT
Hirer has a right to early purchase with rebate.,"The Hirer may, at any time before the final instalment is due, elect to complete the purchase by written notice, and shall be entitled to a rebate of charges in accordance with applicable regulations",ENTAILMENT
Force or harassment to evict a tenant is strictly prohibited.,"The Landlord shall not use force, threats, or harassment to evict the Tenant or demand rent above the authorized amount.",ENTAILMENT
A woman worker is entitled to 6 weeks of maternity benefit for a still birth: 2 weeks before + 4 weeks after.,No maternity leave shall be granted where confinement does not result in a live birth.,CONTRADICTION
Non-payment can lead to court action and fines imposed by a Magistrate.,"If the Employer fails to comply with wage payment notices, the Commissioner-General shall report to the Magistrate, who may summon the Employer to recover unpaid wages.",ENTAILMENT
An employee must be given meal intervals as specified in the Act’s Schedule.,The Employee agrees to work continuously without meal or rest intervals.,CONTRADICTION
A promissory note that does not clearly state loan details cannot be enforced in court.,Any promissory note not meeting statutory requirements shall be unenforceable unless relief is granted by a court,ENTAILMENT
"If a termination is unlawful, the Commissioner may order reinstatement and payment of wages and benefits, and the employer must comply.","Where termination is unlawful, the Commissioner may order reinstatement of the Employee with full wages and benefits, and the Employer shall comply with such order.",ENTAILMENT
The Commissioner must notify both employer and worker in writing of the decision on a termination application.,Written notice of the Commissioner’s decision shall be provided to both the Employer and the Employee.,ENTAILMENT
A landlord cannot separately charge for furniture or fittings.,"The Landlord shall not charge separately for furniture, fittings, or appliances on the premises.",ENTAILMENT
"If an employee works on a public holiday, they must receive a replacement holiday or double pay.","Where the Employee is required to work on a declared public holiday with prior approval, the Employee shall be granted a substitute holiday with full pay or be paid at double the normal rate of remuneration.",ENTAILMENT
Contract clauses cannot override worker rights granted by labour tribunals.,Any clause in this Agreement limiting worker rights shall be valid and enforceable notwithstanding any labour tribunal decision,CONTRADICTION
"If the employer has more than the prescribed number of women workers, it must provide and maintain a crèche for children under five and allow eligible workers to use it.",The Employer shall have no obligation to provide or maintain a crèche facility.,CONTRADICTION
The Commissioner can inspect employer records for gratuity compliance.,The Employer shall permit the Commissioner or authorized officer to access and inspect records and documents relevant to the computation of gratuity at reasonable hours.,ENTAILMENT
The Labour Commissioner has full authority to approve or reject a termination request.,The Parties acknowledge that approval for termination shall be granted or refused at the absolute discretion of the Commissioner of Labour.,ENTAILMENT
"Before enforcing default rights, the lessor must serve a written notice specifying the default and a timeline to fix it.",The Lessor shall provide written notice of default and allow the Lessee a minimum of seven days to remedy the default before enforcement.,CONTRADICTION
A termination that violates this Act is illegal and has no legal effect.,Any termination made in breach of law shall nevertheless remain valid and enforceable,CONTRADICTION
Contract clauses excluding liability for other loss/damage from negligence must be reasonable.,Any term attempting to restrict liability for loss or damage arising from negligence shall only apply to the extent that it is fair and reasonable under the circumstances.,CONTRADICTION
Party claiming reasonableness must prove it.,The party asserting a term is reasonable shall bear the burden of proof.,ENTAILMENT
Employers may be ordered to pay compensation for wrongful dismissal.,"The Employer shall not be obligated to pay any compensation for termination, dispute, or breach, notwithstanding any tribunal order.",CONTRADICTION
The Commissioner must investigate and attempt to settle any industrial dispute that exists or may arise.,"The Employer agrees that in the event of any dispute between the Employer and Employees, the matter shall be referred to the Commissioner, who shall have the authority to investigate and facilitate a resolution in accordance with applicable laws.",ENTAILMENT
A promissory note that does not clearly state loan details cannot be enforced in court.,"Any promissory note failing to comply with required disclosures shall not be enforceable, except where court grants relief for inadvertent noncompliance.",CONTRADICTION
"Partnership agreements with capital exceeding Rs. 1,000 must be in writing and signed by all partners to be valid.","Any partnership agreement with capital exceeding Rs. 1,000 shall be valid only if in writing and signed by all partners",ENTAILMENT
Traders cannot hoard goods beyond normal trading requirements.,"Traders may maintain any quantity of goods, exceeding personal consumption or normal trading requirements.",CONTRADICTION
"Manufacturers and traders must comply with labelling, price marking, and packaging directions issued by the Authority.","The Manufacturer/Trader shall strictly comply with all directions issued by the Consumer Affairs Authority relating to pricing, labelling, packaging, or sale of goods.",ENTAILMENT
A tenant must obtain written consent before subletting.,The Tenant shall obtain written consent from the Landlord prior to subletting the premises.,ENTAILMENT
Unauthorized subletting allows lawful eviction through court.,"If the Tenant sublets without prior written consent, the Landlord may seek lawful eviction through the courts.",ENTAILMENT
Retrenchment cannot occur until two months after notice is given.,"No retrenchment shall take effect until two (2) months have elapsed from the date of issuance of the retrenchment notice, in accordance with statutory provisions.",ENTAILMENT
Cash price must be disclosed in writing before entering a hire-purchase agreement.,The Owner shall disclose in writing to the Hirer the cash price of the goods prior to entering into this Agreement.,ENTAILMENT
A termination that violates this Act is illegal and has no legal effect.,"Any termination effected in contravention of this Act shall be illegal, null and void, and of no legal effect.",ENTAILMENT
The Labour Commissioner has full authority to approve or reject a termination request.,The Employer’s decision to terminate employment shall be final and shall not be subject to approval or discretion of the Commissioner,CONTRADICTION
Falsely claiming goods are new is illegal.,"The Trader shall not represent used, refurbished, or reconditioned goods as new under any circumstances.",ENTAILMENT
"False claims about product features, benefits, or endorsements are illegal.","The Trader shall not claim that any goods or services have sponsorship, approval, performance, features, accessories, uses, or benefits that they do not actually possess.",ENTAILMENT
Retrenchment protections apply only to employers with 15 or more employees.,"The retrenchment provisions set forth herein apply only to Employers who employ an average of fifteen (15) or more Employees, consistent with the Industrial Disputes Act",ENTAILMENT
A landlord must not charge rent higher than the authorized or receivable rent fixed under the Act.,The Landlord shall charge rent only up to the legally authorized or receivable amount and shall not demand or accept any sum in excess thereof,ENTAILMENT
"Sale deeds, transfers, mortgages, land agreements, wills, and court orders must be registered to affect land rights.","All deeds, transfers, mortgages, agreements, contracts, wills, or court orders affecting land under this Agreement shall be submitted for registration to comply with the Registration of Documents Ordinance",ENTAILMENT
A woman worker may nominate someone to receive her maternity benefit on her behalf.,An employee may nominate another person to receive maternity benefit payments on her behalf.,ENTAILMENT
Advance rent cannot exceed three months of the lawful rent.,The Tenant shall pay any advance rent amount required by the Landlord.,CONTRADICTION
"If buyer states a specific purpose, goods must be fit for that purpose.",The Seller warrants that the goods shall be fit for the particular purpose made known by the Buyer.,ENTAILMENT
"Partnership agreements with capital exceeding Rs. 1,000 must be in writing and signed by all partners to be valid.","Any partnership with capital exceeding Rs. 1,000 must be in writing and signed by all partners to be enforceable.",CONTRADICTION
Express contract terms cannot remove implied warranties unless they directly conflict.,No express warranty or condition in this Agreement shall negate any statutory implied warranty or condition unless explicitly inconsistent with it.,ENTAILMENT
No child under 14 may be employed in industrial undertakings.,The Employer shall not employ any child below the minimum age prescribed by law in any industrial undertaking under this Agreement.,ENTAILMENT
"Employers must pay every worker at least LKR 10,000 per month or LKR 400 per day, regardless of industry or service.",The Employee agrees to accept wages below the national minimum wage.,CONTRADICTION
"If a contract must be kept in original form, an electronic record that reliably preserves integrity counts as original.",Any electronic record maintaining integrity from creation shall be considered as an original document for all legal purposes.,ENTAILMENT
"For loans over Rs. 2,500, any interest rate above 15% per year is presumed unreasonable unless the lender proves it is reasonable.","Interest on loans above Rs. 2,500 shall not exceed 15% per annum unless deemed reasonable by a court.",ENTAILMENT
An employee is entitled to up to 7 days of paid casual/medical leave per year.,"The Employee shall be entitled to paid leave for private business, illness, or other reasonable cause for a total period not exceeding seven (7) days in each year of employment.",ENTAILMENT
All ETF contributions must be credited to the employee’s individual account.,The Employer shall ensure that all contributions paid are credited to the Employee’s individual ETF account by the Board.,ENTAILMENT
An employee must be given one full holiday and one half-holiday each week with pay if they have worked at least 28 hours that week.,"The Employee shall be granted one (1) full holiday and one (1) half-holiday in each week with full remuneration, provided the Employee has worked not less than twenty-eight (28) hours during that week, exclusive of overtime.",ENTAILMENT
The Commissioner must notify both employer and worker in writing of the decision on a termination application.,No written notice of termination decisions is required to be issued to the Worker,CONTRADICTION
"No employer may pay less than the national minimum wage, even if other laws allow lower payments.",The Employer may determine wages irrespective of any statutory minimum.,CONTRADICTION
The Act applies only to employers with 15 or more workers.,"The provisions of this Agreement relating to termination approval shall apply only where the Employer employs an average of fifteen (15) or more workmen, in accordance with law.",ENTAILMENT
"Labour inspectors can check compliance, review registers, and demand wage info from employers.",No authority shall have the right to inspect records or request wage information.,CONTRADICTION
It is illegal for a lender to persuade a borrower’s spouse or child to take a loan without written consent.,No lender shall induce any spouse or child of a borrower to contract a loan without the borrower’s written consent.,CONTRADICTION
Unfair hire-purchase clauses listed in the Act are void.,The following terms are void: (a) Owner may enter premises to repossess goods; (b) Hirer must execute promissory notes; (c) Hirer liable for unforeseeable loss; (d) Owner exempted from agent’s acts; (e) Hirer waives right to counterclaim; (f) Agreement governed by foreign law.,ENTAILMENT
Seller must deliver goods and buyer must accept and pay as agreed.,"The Seller shall deliver the goods, and the Buyer shall accept and pay for the goods, in accordance with the terms of this Agreement.",ENTAILMENT
Loan agreements must comply with Board-set maximum interest rates and loan term limits.,All loans under this Agreement shall comply with the maximum interest rates and term limits prescribed by the Board,ENTAILMENT
Contract clauses excluding liability for death or personal injury from negligence must be ignored.,The parties agree that any provision attempting to exclude or limit liability for death or personal injury resulting from negligence shall be null and void and of no effect.,CONTRADICTION
"Land transaction documents must include the thumb impression of each party, affixed before a notary and witnesses.",Each party shall affix their thumb impression beside their signature on all land transaction documents in the presence of a Notary Public and witnesses.,ENTAILMENT
Guarantees cannot exclude liability for manufacturer/distributor negligence.,Liability for negligence by any person involved in the manufacture or distribution of goods cannot be excluded by any contractual provision or notice.,CONTRADICTION
Employment details of children must be disclosed to authorized officers when requested.,The Employer shall promptly provide all information relating to the employment of any child to authorized officers upon lawful request.,ENTAILMENT
A contract formed by offer and acceptance electronically is valid and enforceable even if entirely digital.,All contracts formed by electronic offer and acceptance shall be legally binding and enforceable,ENTAILMENT
"If an employee works on a public holiday, they must receive a replacement holiday or double pay.",Work performed on public holidays shall be paid at the normal daily rate with no replacement holiday.,CONTRADICTION
Goods sold by sample must match the sample.,"In sales by sample, the bulk of goods shall correspond in quality with the sample provided.",ENTAILMENT
Reasonableness test: term must be fair given circumstances at contract formation.,A contract term shall be deemed reasonable if it is fair considering the circumstances at the time of contract formation.,ENTAILMENT
"Violating minimum wage rules can result in fines up to LKR 25,000 or 6 months imprisonment.",The Employer shall not be subject to penalties for wage violations.,CONTRADICTION
Employees must contribute 8% of their monthly earnings to the Employees’ Provident Fund for each month worked in covered employment.,The Employee shall not be required to contribute any portion of his or her earnings to the Employees’ Provident Fund.,CONTRADICTION
Loan agreements must include consumer protection measures as required by Registrar-issued rules.,All loan and savings agreements executed under this contract shall include consumer protection measures as required by rules issued by the Registrar.,CONTRADICTION
An employee or agent paid through profit-sharing does not become a partner and has no partnership rights or liabilities.,Any servant or agent remunerated by a share of profits shall not be deemed a partner nor acquire partnership rights.,CONTRADICTION
"If the woman worker dies, the employer must pay due maternity benefit to her nominee or her legal heir.",No maternity benefits shall be payable to any nominee or legal heir under any circumstances.,CONTRADICTION
Compensation amounts are calculated according to a Gazette formula determined by the Commissioner and Minister.,Any compensation payable shall be calculated in accordance with the formula prescribed by Order published in the Gazette.,ENTAILMENT
Goods bought by description must be of merchantable quality.,"The Seller warrants that all goods sold by description shall be of merchantable quality, except for defects that could have been discovered upon reasonable examination by the Buyer",ENTAILMENT
Excessive hire-purchase charges must be reduced to statutory limits.,"Any hire-purchase charges exceeding statutory limits shall be reduced, and the Hirer or Guarantor’s liability shall be limited accordingly.",CONTRADICTION
Gratuity for employees in converted public companies can be paid via cash or bonds.,Gratuity shall not be paid in cash or bonds under any circumstances.,CONTRADICTION
Pawnbroker must give 14 days notice before selling a pledged item.,The Pawnbroker shall provide the Pawner with at least fourteen (14) days’ prior written notice of the date and place of any public auction sale of pledged items,ENTAILMENT
Unauthorized subletting allows lawful eviction through court.,Unauthorized subletting shall not give rise to eviction rights.,CONTRADICTION
"Night work for women is allowed only voluntarily, with Labour Commissioner approval, additional pay, welfare supervision, rest facilities, and maximum 10 nights per month.","Female Employees may be required to work night shifts without consent, additional pay, or regulatory approval.",CONTRADICTION
Unfair hire-purchase clauses listed in the Act are void.,Any clause in the hire-purchase agreement listed as void under the Act shall have no effect.,CONTRADICTION
Employers must pay wages in cash/legal tender directly to employees and cannot make unauthorized deductions.,"The Employer shall pay wages in legal tender directly to the Worker, without unauthorized deductions, except as permitted by law.",CONTRADICTION
Electronic signatures (e‑signatures) are legally valid if they identify the signer and show intent to authenticate the contract.,A requirement for a signature shall be deemed satisfied if a reliable electronic method identifies the signer and indicates their intention to authenticate the document.,CONTRADICTION
"False claims about necessity of goods, services, or repairs are illegal.","Traders may make false claims regarding the need for goods, services, replacements, or repairs.",CONTRADICTION
"If a contract uses electronic records or e‑signatures, it cannot be denied legal effect just because it uses digital formats or e‑signatures.","A contract executed using electronic records or electronic signatures shall have full legal validity and effect, and cannot be challenged solely because it is in electronic form or signed electronically.",ENTAILMENT
Goods must be of merchantable quality unless a lawful exception applies.,"The goods supplied under this Agreement shall be of merchantable quality, except as lawfully excepted.",ENTAILMENT
Workers covered by this Act are excluded from Industrial Disputes Act retrenchment rules.,Employees covered under this Act shall not be subject to the retrenchment provisions of Part IVB of the Industrial Disputes Act.,ENTAILMENT
Employers must pay a surcharge for late contributions ranging from 5% to 50% depending on the period of delay.,No surcharge or penalty shall be payable by the Employer for delayed provident fund payments.,CONTRADICTION
A woman worker may give notice to her employer of her expected confinement within one month before the date.,Advance notice of confinement is not recognized.,CONTRADICTION
Agreements can set maximum prices for goods.,"The Trader agrees to comply with any maximum price, standard, or condition imposed by agreement with the Consumer Affairs Authority",ENTAILMENT
The Commissioner or authorized officer must attempt to settle any dispute referred for conciliation.,The Employer shall have the sole authority to decide disputes without intervention by the Commissioner or any authorized officer,CONTRADICTION
Only licensed or exempt entities can provide microfinance services; agreements from unlicensed lenders are illegal.,"The Borrower acknowledges that the Lender is duly licensed or exempt under the Microfinance Act, No. 6 of 2016, and any loan or financial accommodation provided by an unlicensed entity shall be void and unenforceable.",ENTAILMENT
Retrenchment protections apply only to employers with 15 or more employees.,All retrenchment provisions of this Agreement shall apply to the Employer regardless of the number of employees,CONTRADICTION
Gratuity must be paid when an employee with sufficient service is terminated.,"Upon termination of employment, the Employer shall pay the Employee gratuity for all completed service exceeding five years, within thirty days of termination.",ENTAILMENT
It is illegal for a lender to persuade a borrower’s spouse or child to take a loan without written consent.,No loan shall be solicited from or induced to the Borrower’s spouse or child without written consent of the Borrowe,ENTAILMENT
"In the first year, casual leave accrues at 1 day per 2 months of service.","During the first year of employment, paid casual leave shall accrue at the rate of one (1) day for each completed period of two (2) months of service.",ENTAILMENT
Force or harassment to evict a tenant is strictly prohibited.,The Landlord may use any force or coercion necessary to recover possession or additional rent.,CONTRADICTION
Hirer must have quiet possession of the goods.,The Hirer shall have and enjoy quiet possession of the goods throughout the term of this Agreement.,ENTAILMENT
Owner must have the legal right to sell the goods.,The Owner warrants that they have the legal right to sell the goods at the time property is to pass to the Hirer,ENTAILMENT
Pending court cases affecting land are not enforceable against buyers unless officially registered.,Any pending litigation or claims affecting the property must be registered under the Ordinance to have enforceable effect against third-party purchasers,ENTAILMENT
Only licensed or exempt entities can provide microfinance services; agreements from unlicensed lenders are illegal.,Only licensed or exempt entities may provide microfinance services under this agreement; any agreement with unlicensed entities is void and unenforceable.,CONTRADICTION
"In the first year of employment, an employee must be granted paid annual leave based on the start date (14/10/7/4 days).",No paid annual leave shall be granted during the first year of employment under any circumstances,CONTRADICTION
Existing employees must not have reduced wages or benefits after the Act starts.,The Employer reserves the right to reduce wages and benefits at any time.,CONTRADICTION
Employers cannot force union membership or non-membership.,Employees must join the union designated by the Employer as a condition of employment,CONTRADICTION
Hire-purchase agreements not complying with statutory form and disclosure requirements are unenforceable.,"This Agreement shall be in writing, signed by all parties, and shall contain the hire-purchase price, cash price, instalments, payment schedule, a description of the goods, and the statutory notice as required. A copy of this Agreement shall be delivered to the Hirer within fourteen (14) days of execution.",ENTAILMENT
"If an employer makes higher voluntary contributions, 3% must go to ETF, and any excess may be allocated to approved provident funds.","Where the Employer makes higher voluntary retirement contributions, it may remit 3% to the ETF Fund and allocate the remainder to alternate statutory accounts as permitted by law.",ENTAILMENT
Price increases for essential goods/services require Authority approval.,The price of regulated goods or services shall not be increased without prior written approval from the Consumer Affairs Authority.,ENTAILMENT
A landlord cannot separately charge for furniture or fittings.,"The Landlord may charge separately for furniture, fittings, or other services at their discretion.",CONTRADICTION
An employee must not be employed for more than 8 hours per day or 45 hours per week (excluding rest/meal breaks).,"The normal working hours of the Employee shall not exceed eight (8) hours on any day and forty-five (45) hours in any week, exclusive of intervals allowed for rest or meals, in accordance with applicable law.",ENTAILMENT
Contracts to pledge movable property are invalid unless the property has been physically delivered to the pledgee.,Any contract pledging movable property is valid only if the property is physically delivered to the pledgee.,CONTRADICTION
Agreements can set maximum prices for goods.,No maximum prices shall be imposed or enforced on goods or services.,CONTRADICTION
"An electronic contract is deemed received when it arrives at the recipient’s designated electronic address and can be retrieved, not when actually read.",An electronic message shall be deemed received when it becomes capable of retrieval at the recipient’s designated electronic address.,CONTRADICTION
"Land transaction documents must include the thumb impression of each party, affixed before a notary and witnesses.","All land transaction documents must bear the thumb impression of each party, affixed in the presence of a Notary Public and witnesses.",CONTRADICTION
"When consumers specify a purpose, there is an implied warranty goods/services will be fit for that stated purpose.",No warranty applies to goods or services supplied for a purpose specified by the consumer.,CONTRADICTION
Contract clauses excluding liability for other loss/damage from negligence must be reasonable.,Any limitation of liability for negligence shall apply only to the extent that it is reasonable under the circumstances.,ENTAILMENT
"If a worker gives notice of expected confinement, the employer must not assign her work harmful to her or her child during pregnancy and 3 months after confinement.",Pregnant employees shall not be assigned duties that may be harmful to their health or that of the unborn child.,ENTAILMENT
An employer must not employ a woman worker during the four weeks immediately after her confinement.,A female employee shall not be required or permitted to work during the four weeks immediately following childbirth.,ENTAILMENT
New owners cannot evict existing tenants for personal use in most cases.,"A new owner may evict existing tenants at their discretion, regardless of acquisition date or prior ownership.",CONTRADICTION
Traders cannot impose conditions requiring purchase of additional goods or services (no forced bundling).,"Traders may impose any conditions, including requiring purchase of additional goods or services.",CONTRADICTION
"Hire-purchase agreements must clearly state price, instalments, deposit, and goods details.","The hire-purchase agreement shall clearly state the hire-purchase price, cash price, instalments, and description of goods.",CONTRADICTION
Late gratuity payments incur additional surcharges.,"If the Employer fails to pay gratuity on time, a surcharge shall apply in accordance with the prescribed rates.",ENTAILMENT
Labour tribunals can order reinstatement of dismissed workers.,"The Employer shall have the exclusive right to refuse reinstatement of any Employee, regardless of any tribunal decision",CONTRADICTION
Retirement-related termination is excluded from this Act.,Termination due to retirement shall require prior approval under this Agreement,CONTRADICTION
Retrenchment cannot occur until two months after notice is given.,"The Employer may implement retrenchment effective immediately, ignoring any notice period.",CONTRADICTION
Gratuity must be paid when an employee with sufficient service is terminated.,"Termination of employment shall not give rise to any entitlement to gratuity, irrespective of years of service.",CONTRADICTION
Rent receipts are mandatory for all payments.,The Landlord is not required to issue any receipt for rent or advance payments.,CONTRADICTION
Employers and guardians must provide employment information of women and young persons to authorized officers when requested.,The Employer shall furnish all information relating to the employment of women and young persons to authorized officers upon lawful request.,ENTAILMENT
"In the first year, casual leave accrues at 1 day per 2 months of service.",No leave of any kind shall accrue during the first year of employment,CONTRADICTION
"Sale deeds, transfers, mortgages, land agreements, wills, and court orders must be registered to affect land rights.","The Parties may execute deeds, transfers, mortgages, agreements, wills, or court orders affecting land without registration, and such instruments shall remain legally effective.",CONTRADICTION
Self-employed persons or migrant workers may join the Fund voluntarily by notifying the Board in writing.,"If the Employee is eligible and desires to join the Fund as a self‑employed or migrant member, such membership shall be processed in accordance with Board rules.",ENTAILMENT
Cannot restrict rules of evidence or procedure via contract.,No term shall exclude or restrict the application of rules of evidence or procedure.,ENTAILMENT
Employers cannot force union membership or non-membership.,"Employment under this Agreement shall not be contingent upon the Employee joining, refraining from joining, or withdrawing from membership in any trade union.",ENTAILMENT
Complaints about termination must be filed within six months.,"Employees may file complaints regarding termination at any time, without limitation or adherence to statutory time periods.",CONTRADICTION
"A landlord must not cut off essential services such as water, electricity, or sanitation.",The Landlord may discontinue or withhold utilities or services at any time without cause.,CONTRADICTION
"An employee must be given paid public holidays, up to 9 days per year.","The Employee shall be granted paid public holidays as declared by the Minister, subject to a maximum of nine (9) such holidays per year.",ENTAILMENT
"After sale of a pledged item, the pawnbroker must pay the debtor any surplus within one year if demanded.",Any surplus from the sale of a pledged item shall be deposited to the Pawner’s credit within one year if no claim is made earlier.,CONTRADICTION
"Every promissory note must clearly state the amount borrowed, any advance deductions, and the annual interest rate.","Every promissory note shall specify the principal amount, any advance deductions, and the applicable annual interest rate.",CONTRADICTION
Registration time determines legal priority between competing land documents.,The parties agree that the legal priority of any registered instrument shall be determined based on the date and time of registration recorded by the Registrar.,ENTAILMENT
The Employees’ Trust Fund Board must be set up to administer and manage the Fund.,Any obligations imposed on employers regarding trust fund contributions shall be administered through the Employees’ Trust Fund Board established under law.,ENTAILMENT
"If the business becomes bankrupt or insolvent, a lender with profit-based interest can only recover after all other creditors are fully paid.","In case of bankruptcy, any lender entitled to profit-based returns shall recover amounts only after satisfaction of claims of other creditors.",CONTRADICTION
Employers must comply with official directions to provide records for gratuity verification.,"The Employer shall comply with any written direction from the Commissioner to provide books, documents, or other records necessary for verifying gratuity calculations.",ENTAILMENT
A loan agreement is invalid if obtained through undue influence where one party dominates the other and gains an unfair advantage.,Any loan agreement obtained under undue influence shall be void,ENTAILMENT
Pawn contracts must allow redemption on surrender of pawn ticket foil and proper signature.,The Pawner may redeem any pledged item upon surrendering the pawn ticket foil and signing it in the presence of the Pawnbroker or authorized agent.,CONTRADICTION
"Labour inspectors can check compliance, review registers, and demand wage info from employers.","The Employer shall allow authorised officers to inspect premises, examine and copy registers, answer questions, and provide information as required for enforcement of this Act.",ENTAILMENT
"The Commissioner may set terms and conditions for termination, including gratuity or compensation payable by the employer.","Any approval granted by the Commissioner may be subject to such terms and conditions, including payment of gratuity or compensation to the Employee, as determined by the Commissioner.",ENTAILMENT
The Employer may withhold or forfeit gratuity if termination is due to proven misconduct causing loss.,The Employer may withhold or forfeit gratuity if the Employee’s termination is due to proven misconduct or loss caused to the Employer.,ENTAILMENT
Registration time determines legal priority between competing land documents.,The legal priority of instruments affecting land shall not be determined by the time of registration.,CONTRADICTION
The parties to the document or anyone with a legal interest can submit it for registration.,"Any party executing or having a legal interest in the land may submit the instrument for registration, as permitted under the Ordinance.",ENTAILMENT
Tenants can recover or deduct excess rent paid.,The Tenant shall have no right to recover or deduct any excess rent paid.,CONTRADICTION
A collective agreement in force is binding on all parties and its terms are part of their employment contracts.,The Parties agree that any existing or future collective agreements shall not bind them or form part of their employment contract,CONTRADICTION
"If an employee has worked earlier for another employer that day, the total hours for both employments must not exceed the legal daily limit.",The Employer shall not consider hours worked by the Employee for any other employer when assigning daily working hours,CONTRADICTION
Landlord must not charge above fixed proportionate rent for parts of premises.,"The Landlord shall not charge any amount for any part of the premises that exceeds the proportionate rent fixed by the Board, as defined by law.",ENTAILMENT
Cannot avoid performance completely unless contract term is reasonable.,The other party shall not refuse to perform contractual obligations except as permitted under reasonable terms.,ENTAILMENT
A contract formed by offer and acceptance electronically is valid and enforceable even if entirely digital.,An offer and acceptance expressed electronically shall form a legally valid and enforceable contract unless otherwise agreed.,CONTRADICTION
Complaints about termination must be filed within six months.,"Any application relating to termination must be filed with the Labour Tribunal within six (6) months from the date of termination, in accordance with statutory requirements.",ENTAILMENT
"In the first year of employment, an employee must be granted paid annual leave based on the start date (14/10/7/4 days).","During the first year of employment, the Employee shall be entitled to paid annual leave calculated in accordance with the commencement date, as prescribed by law, and the Employer shall grant such leave with full remuneration.",ENTAILMENT
"For loans between Rs. 100 and Rs. 2,500, any interest rate above 18% per year is presumed unreasonable unless the lender proves otherwise.","Interest on loans exceeding Rs. 100 and up to Rs. 2,500 shall not exceed 18% per annum unless justified by lender.",CONTRADICTION
A lessee must care for and properly use the leased equipment.,"The Lessee shall maintain the Equipment in good condition, use it only for its intended purpose, and comply with all manufacturer guidelines",ENTAILMENT
"The Commissioner may refer any industrial dispute for conciliation, arbitration, or to a labour tribunal.","Any dispute arising under this Agreement shall not be subject to conciliation, arbitration, or labour tribunal proceedings, and must be settled internally by the Employer",CONTRADICTION
Documents missing required land details can be legally rejected and treated as non-compliant.,The parties acknowledge that any document lacking required land particulars may be rejected by the Registrar and shall be deemed non-compliant under the Registration of Documents Ordinance.,ENTAILMENT
"False claims about product features, benefits, or endorsements are illegal.","Traders may make any representations regarding product features, benefits, or sponsorships without restriction.",CONTRADICTION
A widow or child receiving profit payments after a partner’s death is not considered a partner and is not liable for business debts.,Any widow or child receiving profit payments after a partner’s death shall not be deemed a partner nor liable for business obligations.,CONTRADICTION
"ETF contributions earn statutory interest, at a minimum rate of 3% per annum, as fixed by the Board",No interest shall accrue on any trust fund contributions.,CONTRADICTION
Employees cannot be dismissed for union involvement.,"The Employer shall not terminate or otherwise penalize the Employee on account of membership in, or participation in, lawful trade union activities.",ENTAILMENT
Wage registers must be kept for 6 years.,Employment records may be destroyed at the Employer’s discretion.,CONTRADICTION
"From the second year onward, an employee is entitled to at least 14 days of paid annual leave, including at least 7 consecutive days.","From the second and subsequent years of employment, the Employee shall be entitled to fourteen (14) days of paid annual leave, of which not less than seven (7) days shall be taken consecutively.",ENTAILMENT
"Withdrawals from individual ETF accounts are restricted to once every 5 years, except for members over 60 or those permanently leaving Sri Lanka.",The Employee may freely withdraw trust fund balances at any time without restriction.,CONTRADICTION
Employees cannot be punished for claiming lawful employment benefits.,The Employer may terminate or penalize Employees for claiming collective agreement or tribunal-awarded benefits.,CONTRADICTION
"After confinement, the employer must not employ the worker in harmful work for 3 months.",No post-confinement work restrictions shall apply to the Employee.,CONTRADICTION
Young persons may not be employed at night except as permitted by law.,The Employer is not obligated to display or communicate statutory protections for young workers.,CONTRADICTION
"If a loan’s total charges (interest, fees, penalties) are excessive and the transaction is harsh or unfair, the court can review the loan and reduce the amount owed to what is fair.","If any loan is deemed harsh, unconscionable, or excessively charged, the Parties agree it may be adjusted by court order to ensure fairness",ENTAILMENT
Late gratuity payments incur additional surcharges.,The Employer shall not be liable for any surcharge or penalty arising from delayed gratuity payments.,CONTRADICTION
Employers must pay wages in cash/legal tender directly to employees and cannot make unauthorized deductions.,The Employer shall pay all wages due to the Employee directly in legal tender and shall not make any unauthorized deductions,ENTAILMENT
"After sale of a pledged item, the pawnbroker must pay the debtor any surplus within one year if demanded.","If the sale of a pledged item results in surplus proceeds exceeding the loan and interest, the Pawnbroker shall pay or deposit such surplus to the Pawner within one (1) year upon request",ENTAILMENT
Employees must contribute 8% of their monthly earnings to the Employees’ Provident Fund for each month worked in covered employment.,"The Employee shall contribute 8% of his total monthly earnings to the Employees’ Provident Fund, payable in accordance with applicable law.",ENTAILMENT
"When employment ends, the employer must pay all wages due within two working days.",The Employer shall pay all wages due to the Worker within two working days upon termination or resignation of employment.,CONTRADICTION
"For loans between Rs. 100 and Rs. 2,500, any interest rate above 18% per year is presumed unreasonable unless the lender proves otherwise.","Interest on loans between Rs. 101 and Rs. 2,500 shall not exceed 18% per annum unless justified as reasonable",ENTAILMENT
Microfinance NGO loan agreements must comply with maximum interest rates and other terms set by the Registrar.,All loans or credit facilities granted by the Lender shall comply with the maximum interest rates and other terms established by the Registrar,ENTAILMENT
"An employee must be given paid public holidays, up to 9 days per year.",Public holidays shall be treated as normal working days without additional pay or leave,CONTRADICTION
An unregistered land document is legally weaker and loses priority to a later registered document.,All land instruments shall remain valid and enforceable irrespective of registration or priority under any Ordinance.,CONTRADICTION
The rate of gratuity depends on the employee’s role and period of service.,The Employer shall compute the Employee’s gratuity based on the Employee’s role and completed years of service.,ENTAILMENT
Cannot avoid liability by imposing burdensome conditions.,Liability cannot be made subject to restrictive or onerous conditions to avoid its effect.,CONTRADICTION
A Wages Board sets mandatory minimum wage and overtime rates for specific trades.,The Parties acknowledge that wages and overtime payments shall not be less than the minimum rates prescribed by the relevant Wages Board.,CONTRADICTION
Service under previous employers counts toward gratuity if ownership changes within five years.,Service under previous employers shall not be counted when computing gratuity after a change in ownership.,CONTRADICTION
"An employer must not terminate employment solely because of the worker’s pregnancy, confinement, or related illness.","Pregnancy, childbirth, or related illness shall not constitute grounds for termination of employment.",ENTAILMENT
Cannot use another contract to bypass protections under this Act.,No rights or obligations under another contract shall be used to circumvent this Act,ENTAILMENT
Employers must set a wage period and pay wages within the legal timeframe (3–10 days depending on period length).,"The Employer shall pay wages in legal tender directly to the Worker, without unauthorized deductions, except as permitted by law.",CONTRADICTION
A lessee has a right to peaceful possession of leased equipment; the lessor must protect it.,"The Lessee shall have uninterrupted and peaceful possession of the Equipment, and the Lessor shall ensure such possession is protected against any interference",ENTAILMENT
All goods and services must meet determined standards and specifications.,Goods and services may be supplied without regard to standards or specifications.,CONTRADICTION
Employers must pay a daily fine for continuing to ignore the Commissioner’s order.,Non-compliance with any order or direction issued by the Commissioner of Labour shall not constitute an offence under this Agreement.,CONTRADICTION
Consumer cannot be required to indemnify another’s negligence or breach unless reasonable.,A consumer shall not be obliged to indemnify any other party for negligence or breach of contract except where such obligation is reasonable in all circumstances.,CONTRADICTION
An employee must be given meal intervals as specified in the Act’s Schedule.,The Employee shall be provided with intervals for meals in accordance with the regulations prescribed in the Schedule to the Act.,ENTAILMENT
Goods must be fit for the purpose made known by the hirer.,The Owner warrants that goods supplied shall be fit for any particular purpose made known by the Hirer prior to entering this agreement.,CONTRADICTION
"For loans up to Rs. 100, any interest rate above 20% per year is presumed unreasonable unless the lender proves otherwise.",Interest on loans not exceeding Rs. 100 shall not exceed 20% per annum unless the lender proves reasonableness.,CONTRADICTION
"If a termination is unlawful, the Commissioner may order reinstatement and payment of wages and benefits, and the employer must comply.",The Employer shall not be required to reinstate any Worker under any circumstances,CONTRADICTION
Owner must give proper notice before terminating for default.,The Owner may not recover possession of goods without giving written notice specifying the default and providing at least seven (7) days to remedy.,ENTAILMENT
Cannot restrict remedies or penalize someone for pursuing rights.,No term shall limit rights or remedies or penalize a party for pursuing them.,ENTAILMENT
A person must be registered to legally run a finance leasing business.,The Lessor warrants that it is duly registered and authorized to conduct finance leasing business under applicable law,ENTAILMENT
Employers must not reduce an employee’s earnings or benefits because of EPF obligations.,The Employer may revise Employee benefits or earnings to offset statutory contribution costs.,CONTRADICTION
False claims about warranties or guarantees are illegal.,"The Trader shall not make any false or misleading statements regarding warranties, guarantees, or the terms of coverage for goods or services.",ENTAILMENT
"Traders must issue receipts showing date, quantity, price, and transaction type.",Traders may sell goods without issuing receipts or providing details of the transaction.,CONTRADICTION
Traders cannot refuse to sell goods they have in stock for trade purposes.,Traders may refuse to sell any goods in their possession or custody for any reason.,CONTRADICTION
Contracts or clauses formed electronically (e‑contracts) cannot be treated as invalid just because they are electronic.,"All electronic communications, records, or contracts exchanged between the Parties shall be legally valid and enforceable",ENTAILMENT
Savings agreements issued by microfinance NGOs must comply with maximum interest rate limits set by the Registrar.,Any savings account agreements under this contract shall adhere to maximum interest rates and terms as determined by the Registrar.,CONTRADICTION
"When consumers specify a purpose, there is an implied warranty goods/services will be fit for that stated purpose.","Where the Consumer specifies a particular purpose, the goods or services shall be reasonably fit to achieve that purpose.",ENTAILMENT
Employees cannot be punished for claiming lawful employment benefits.,"No adverse action shall be taken against the Employee for claiming any benefit to which the Employee is entitled under a collective agreement, settlement, award, or Labour Tribunal order.",ENTAILMENT
Maternity benefit periods are in addition to any other leave or holiday rights the woman worker has.,Any maternity leave granted shall be deducted from the employee’s annual or casual leave entitlement.,CONTRADICTION
Labour officers may inspect workplaces and investigate compliance.,The Employer’s premises shall not be subject to inspection or questioning by labour officers.,CONTRADICTION
Landlords must provide a written rent statement when requested.,"The Landlord shall not be obliged to provide any statement of rent, increases, or receivable/proportionate amounts.",CONTRADICTION
Goods sold by description must match that description.,Goods sold by description or sample shall conform strictly to the description provided.,CONTRADICTION
"From the second year onward, casual leave may be taken during that year.",Casual leave may only be granted at the sole discretion of the Employer and is not an entitlement,CONTRADICTION
"A worker is not protected by this Act if their total period of employment is less than 180 days, even after counting approved leave, injury leave, occupational disease leave, employer-caused work stoppages, lawful strikes or lockouts (up to 30 days), and statutory holidays.",All Workers are subject to termination approval rules regardless of length of service,CONTRADICTION
False claims about discounts or price changes are illegal.,"The Trader shall accurately represent all price reductions, increases, discounts, and promotions and shall not make any misleading statements regarding pricing.",ENTAILMENT
"Money lenders must keep clear written records of all loan transactions showing amounts, payments, and charges in plain language.","Every lender shall maintain accurate and clear written records of each loan transaction, including amounts, payments, and charges.",CONTRADICTION
Wage registers must be kept for 6 years.,The Employer shall retain all worker wage registers for at least six years.,ENTAILMENT
"If the business becomes bankrupt or insolvent, a lender with profit-based interest can only recover after all other creditors are fully paid.",Recovery of profit-based returns shall be subordinate to the claims of all other creditors in case of insolvency.,ENTAILMENT
Eviction for landlord’s own use requires one year’s written notice.,The Landlord may evict the Tenant for personal use without providing any prior notice.,CONTRADICTION
"An employer must not dismiss a woman worker during maternity absence, nor have notice expire during that absence.",No notice of termination shall be issued to an employee during her maternity leave period.,ENTAILMENT
"If wages are unpaid, the Commissioner-General can order the employer to pay the defaulted amount.",The Employer shall pay any defaulted national minimum wage to the Commissioner-General within the specified period upon receiving notice.,ENTAILMENT
Microfinance NGO loan agreements must comply with maximum interest rates and other terms set by the Registrar.,All loans or credit facilities provided by the Microfinance NGO under this agreement shall comply with maximum interest rates and terms as set by the Registrar.,CONTRADICTION
Any contract clause that limits worker rights under this Act is invalid.,Any provision of this Agreement that limits or diminishes rights conferred by the Industrial Disputes Act or by any award of a Labour Tribunal is null and void to the extent of such inconsistency.,ENTAILMENT
Express contract terms cannot remove implied warranties unless they directly conflict.,Express contract terms shall not override implied warranties unless expressly conflicting with them.,CONTRADICTION
"Any document affecting land, ownership, or mortgages falls under this law and may require registration.","Any instrument or document affecting land, mortgages, or ownership may be executed or recorded without adherence to statutory registration requirements.",CONTRADICTION
EPF contributions can be voluntarily increased above statutory minimums.,"The Employer and Employee may mutually agree to higher EPF contribution percentages than the statutory minimums, and any such election shall be irrevocable once effective.",ENTAILMENT
Savings agreements issued by microfinance NGOs must comply with maximum interest rate limits set by the Registrar.,The Lender shall ensure that all savings accounts and deposits comply with the maximum interest rates prescribed by the Registrar,ENTAILMENT
An employer must allow the woman worker to be absent for the full statutory maternity benefit period.,The Company shall permit maternity leave for the full period prescribed under the Maternity Benefits Ordinance.,ENTAILMENT
"Contracts involving land or immovable property must be in writing, signed by all parties, and notarised, otherwise they are legally invalid.","The Parties agree that all transactions involving land or immovable property shall be valid only if documented in writing, signed by all parties, and notarized as required under applicable law",ENTAILMENT
An employer must allow the woman worker to be absent for the full statutory maternity benefit period.,Any absence due to childbirth shall be treated as unauthorized leave and subject to disciplinary action.,CONTRADICTION
Buyer has right to quiet possession of the goods.,The Buyer shall enjoy quiet possession of the goods without interference,ENTAILMENT
Selling goods above the marked price is illegal.,Traders may sell goods at any price regardless of the price marked.,CONTRADICTION
Employers must give a holiday on Poya days and pay at least 1.5× normal wage if work is done on that day.,"The Employer shall grant the Employee a holiday on every Full Moon Poya Day. If the Employee is required to work on such day, the Employer shall pay at least 1.5 times the normal rate of wages.",ENTAILMENT
Workers must complain within 6 months of termination.,The Worker may file complaints at any time without limitation.,CONTRADICTION
A person who lends money and receives profit-based interest or a share of profits does not automatically become a partner and is not liable as a partner.,The Parties agree that lending funds with profit-based returns shall not create a partnership or confer partnership liabilities on the lender,ENTAILMENT
The Commissioner’s decision on termination approval cannot be challenged in court.,Any decision of the Commissioner under this Act shall be final and conclusive and shall not be subject to challenge before any court or tribunal.,ENTAILMENT
"After confinement, a woman worker must give notice within one week of the confinement date and indicate if it was a live birth.",The Employee shall not be required or permitted to notify the Employer following childbirth.,CONTRADICTION
No child under 14 may be employed in industrial undertakings.,The Employer may engage children of any age in industrial work without restriction.,CONTRADICTION
All goods must be reasonably fit for their intended purpose.,Goods supplied may be unfit for their intended purpose without liability.,CONTRADICTION
The Commissioner’s decision on termination approval cannot be challenged in court.,Any decision or order issued by the Commissioner of Labour may be disregarded or challenged by the Employer at its discretion.,CONTRADICTION
Selling goods above the marked price is illegal.,The goods shall not be sold at a price exceeding the price marked or displayed in accordance with directions issued by the Consumer Affairs Authority.,ENTAILMENT
A tenant must obtain written consent before subletting.,The Tenant may freely sublet without the Landlord’s consent.,CONTRADICTION
A landlord must not interfere with a tenant’s lawful occupation.,The Landlord may interfere with or restrict the Tenant’s occupation of the premises.,CONTRADICTION
Owner must provide agreement copies and payment information on request.,"The Hirer may, on written request and payment of a prescribed fee, obtain a copy of this Agreement and a statement showing amounts paid, amounts due, instalment details, and future payments",ENTAILMENT
Workers must complain within 6 months of termination.,Any application relating to unlawful termination shall be made within six (6) months from the date of termination.,ENTAILMENT
Gratuity must be paid to heirs if the employee dies before receiving it.,Gratuity shall lapse upon the death of the Employee and shall not be payable to heirs.,CONTRADICTION
Employers must pay a surcharge for late contributions ranging from 5% to 50% depending on the period of delay.,"The Employer shall be liable to pay a surcharge ranging from 5% to 50% of the contribution amount for any delay in remitting contributions, calculated in accordance with Section 16 of the Act based on the period of delay.",ENTAILMENT
"Manufacturers and traders must comply with labelling, price marking, and packaging directions issued by the Authority.","Manufacturers and traders may ignore any directions issued under this Act regarding labelling, pricing, or packaging.",CONTRADICTION
Children cannot participate in entertainment for which payment is charged.,The Employer shall not engage any child in any entertainment activity where a fee is charged to the audience.,ENTAILMENT
Seller must have the legal right to sell the goods.,The Seller warrants that it has full legal right to sell the goods.,ENTAILMENT
Employers must pay wages at least at the minimum rate fixed by the relevant Wages Board.,The Employer shall ensure that all wages paid to Employees meet or exceed the minimum rates established and published by the applicable Wages Board.,ENTAILMENT
A person must be registered to legally run a finance leasing business.,No person may engage in finance leasing business without a valid registration certificate under this Act.,CONTRADICTION
Cannot restrict remedies or penalize someone for pursuing rights.,No clause shall limit the remedies available or penalize a party for exercising rights provided under this Act,CONTRADICTION
Pawnbroker must give 14 days notice before selling a pledged item.,The Pawnbroker shall provide at least fourteen days’ written notice before selling any pledged item at public auction.,CONTRADICTION
Cannot avoid performance completely unless contract term is reasonable.,No party shall refuse to perform its contractual obligations unless such refusal satisfies the test of fairness and reasonableness.,CONTRADICTION
Compensation amounts are calculated according to a Gazette formula determined by the Commissioner and Minister.,Any compensation payable shall be determined solely by the Employer,CONTRADICTION
A sale of goods contract involves transfer of ownership for money.,The Seller agrees to transfer ownership of the goods to the Buyer in exchange for the agreed price.,ENTAILMENT
Self-employed persons or migrant workers may join the Fund voluntarily by notifying the Board in writing.,No self-employed or migrant worker shall be permitted to participate in the Trust Fund.,CONTRADICTION
Traders cannot engage in misleading or deceptive conduct.,The Trader shall not engage in any misleading or deceptive conduct in the sale or promotion of goods or services.,ENTAILMENT
Annual leave must be taken in the year after the year of employment with dates agreed by employer and employee.,Unused annual leave shall automatically lapse and cannot be taken or carried forward,CONTRADICTION
All ETF contributions must be credited to the employee’s individual account.,Any trust fund contributions made shall remain under the control of the Employer.,CONTRADICTION
A woman worker is entitled to 12 weeks of maternity benefit for a live child: 2 weeks before confinement + 10 weeks after.,Maternity leave shall be limited to a maximum of four weeks regardless of the outcome of confinement.,CONTRADICTION
Contracts or clauses formed electronically (e‑contracts) cannot be treated as invalid just because they are electronic.,All contracts or agreements executed electronically shall be legally recognized and enforceable.,CONTRADICTION
Guarantees cannot exclude liability for manufacturer/distributor negligence.,No provision shall exclude liability for negligence by the manufacturer or distributor of goods.,ENTAILMENT
Mandatory statutory notice must be prominently included in the agreement.,The statutory notice in the prescribed form shall be prominently included in the hire-purchase agreement.,CONTRADICTION
Employers must pay wages at least at the minimum rate fixed by the relevant Wages Board.,The Employer shall pay wages to Workers at rates not less than the minimum rates published by the relevant Wages Board.,CONTRADICTION
"Cannot exclude consumer protections for quality, fitness for purpose, and sale by sample.",Any clause excluding rights under the Sale of Goods Ordinance shall be void.,ENTAILMENT
Only approved financial institutions can get a finance leasing registration.,Only financial institutions meeting statutory criteria may obtain registration to carry on finance leasing business.,CONTRADICTION
Goods sold by sample must match the sample.,The Owner warrants that goods supplied by sample shall correspond in quality and characteristics to the sample provided.,CONTRADICTION
"For rent arrears eviction, advance notice is mandatory (3 months first time, 2 months second, 1 month thereafter).","The Landlord shall provide the legally required advance notice before evicting a Tenant for rent arrears: 3 months for the first instance, 2 months for the second, and 1 month for any subsequent occasion.",ENTAILMENT
Employers must set a wage period and pay wages within the legal timeframe (3–10 days depending on period length).,The Employer shall establish a wage period not exceeding one month and pay all wages due within the prescribed timeframe based on the duration of the wage period,ENTAILMENT
Goods sold by description must match the description.,"The Owner warrants that goods supplied by description shall match the description and, if supplied by sample, shall also correspond to the sample.",CONTRADICTION
A sale of goods contract must be evidenced in writing or performance (acceptance or payment).,"The Parties agree that the sale of goods shall be binding only if the Buyer accepts the goods, pays the price, or the contract is evidenced in writing signed by the Parties.",ENTAILMENT
Retirement-related termination is excluded from this Act.,Termination of employment upon attainment of the statutory minimum retirement age shall be excluded from the provisions of this Act.,ENTAILMENT
Employees who are domestic servants or entitled to a non-contributory pension are not eligible for gratuity.,"All Employees, including domestic servants and pension-eligible persons, are excluded from gratuity entitlements.",CONTRADICTION
Buyer has right to quiet possession of the goods.,The Buyer shall enjoy peaceful and uninterrupted possession of the goods upon transfer.,CONTRADICTION
Goods sold by description must match the description.,"Goods sold by description shall correspond with that description. Where goods are sold by sample and description, both conditions must be satisfied.",ENTAILMENT
Hirer must have quiet possession of the goods.,The Hirer shall have and enjoy quiet possession of the goods under the hire-purchase agreement.,CONTRADICTION
Cannot perform substantially different obligations than agreed.,The party shall perform its contractual obligations as agreed and may not substitute substantially different performance without prior consent,CONTRADICTION
"Land documents must clearly describe the property (location, boundaries, size) to be valid for registration.","Each instrument submitted for registration under this Agreement shall contain a complete and precise description of the land, including boundaries, location, administrative divisions, and municipal or village details, as required by law",ENTAILMENT
"An employer must not dismiss a woman worker during maternity absence, nor have notice expire during that absence.","The Employer may issue notice of dismissal at any time, including during maternity leave.",CONTRADICTION
"If the equipment is not delivered on time or is defective, the lessee may reject and end the lease.","The Lessee may reject equipment not delivered as agreed or not conforming to specifications, thereby terminating the lease.",CONTRADICTION
Persons under 18 cannot be employed at night in industrial undertakings.,The Employer may require employees under the age of eighteen to work night shifts.,CONTRADICTION
"Any document affecting land, ownership, or mortgages falls under this law and may require registration.","For the purposes of this Agreement, ""Land"" shall include all immovable property, structures attached thereto, and any estate, interest, mortgage, or charge thereon.",ENTAILMENT
"If buyer states a specific purpose, goods must be fit for that purpose.",The Seller warrants that goods supplied for a particular purpose are fit for that purpose when such purpose is made known.,CONTRADICTION
Employers must pay gratuity to workmen who have completed the minimum service period.,The Employer shall pay the Employee a gratuity for services rendered upon completion of five years of continuous employment.,ENTAILMENT
Documents missing required land details can be legally rejected and treated as non-compliant.,All instruments shall be accepted for registration even if property details are incomplete or inaccurate.,CONTRADICTION
"An employer must pay maternity benefit at the prescribed rate for the full statutory period (12 weeks for live birth, 6 weeks for non‑live), including extra days under the proviso rule.",The Company shall pay maternity benefits at the prescribed rate for the full maternity leave period as required by law.,ENTAILMENT
Employers must pay 12% of the employee’s monthly earnings to EPF by the last day of the following month.,The Employer shall not make any statutory provident fund contributions on behalf of the Employee.,CONTRADICTION
"If a money lender fails to keep proper loan records, they cannot legally enforce the loan in court.",Failure to comply with record-keeping obligations shall prevent enforcement of the loan in any legal proceedings.,CONTRADICTION
Existing employees must not have reduced wages or benefits after the Act starts.,"The Employer shall maintain all existing wages, allowances, and other monetary benefits of current workers at a level no less favorable than those enjoyed immediately before the Act’s commencement.",ENTAILMENT
Persons under 18 cannot be employed at night in industrial undertakings.,"The Employer shall not require or permit any employee under the age of eighteen years to work during night hours in any industrial undertaking, in compliance with applicable labour laws.",ENTAILMENT
Workers covered by this Act are excluded from Industrial Disputes Act retrenchment rules.,All retrenchment provisions under the Industrial Disputes Act shall apply to this Agreement.,CONTRADICTION
"If employment is terminated due to business closure in violation of the Act, the Commissioner may order compensation instead of reinstatement.","Where reinstatement is impracticable due to business closure, the Commissioner may order the Employer to pay compensation in lieu of reinstatement.",ENTAILMENT
